answer_count,articles_count,follower_count,gender,headline,id,is_vip,name,type,url,url_token
22392,128,794565,1,专业造轮子，拉黑抢前排。gaclib.net,0970f947b898ecc0ec035f9126dd4e08,,vczh,people,https://www.zhihu.com/people/excited-vczh,excited-vczh
25,0,129,0,我这么美 可要好好读书啊！,d4934418761f6416803becfc36da29a0,,颜利智,people,https://www.zhihu.com/people/chenhsuan,chenhsuan
12,0,5580,0,自恋狂/性别平权/音乐控,1ccc384ec36d60d494735246f1c5be9f,,主角光环你有吗,people,https://www.zhihu.com/people/mu-yi-84-55-86,mu-yi-84-55-86
3,0,1087,0,,0d6965705a3e6376b9de4e20c28c4a65,,ANGELICA ZHANG,people,https://www.zhihu.com/people/angelica-zhang-43,angelica-zhang-43
3,0,1101,0,宝矿力女孩 株式不顺会社 颜控,6a6b34ff6ef92538eae6da0cc654937b,,菁菁睡不醒,people,https://www.zhihu.com/people/xiao-yiduo-wei-85,xiao-yiduo-wei-85
14,0,734,0,我见诸位多有病，料诸位见我应如是,ba0a3d5f2f6208d4f581bd45ef0d720e,,寻微,people,https://www.zhihu.com/people/xun-wei-33,xun-wei-33
3,0,754,0,港漂 / 服裝設計師 / 健身及馬拉松愛好者 / 微博: 陈天娜Tina,de1fdb68efd83a5d8820b58462cbfe91,,陈天娜Tina,people,https://www.zhihu.com/people/tina-chan-44,tina-chan-44
180,0,705,0,微博:甜甜的小李呀,10f70b9153d786dda49ea0fe5501115e,,少女李,people,https://www.zhihu.com/people/li-li-27-42-91,li-li-27-42-91
4,0,4395,0,wb：冉冉橪,d2c3c76014cbc3b31c9bbe6e907fe14b,,ranrana,people,https://www.zhihu.com/people/ranrana,ranrana
3,0,2977,0,办法总比困难多,4de6987c39e96d7c8d7c4f40e3751d50,,6蒙m,people,https://www.zhihu.com/people/6meng-m,6meng-m
16,0,1338,0,男朋友关注走一波！！！,dd2854510ceddb22c845325411c4ed2a,,迷恋coco,people,https://www.zhihu.com/people/mi-lian-coco,mi-lian-coco
2,0,442,0,健身/治愈系萨摩/甜品店板娘/simple life,4a36650e8eaf223b3009ce44c5fda719,,思凡,people,https://www.zhihu.com/people/xie-sha-81,xie-sha-81
18,0,10830,0,90后/新媒体运营一枚/加班狗,b407221cc6ee87d28e189de0d112f75b,,乐拉Lela,people,https://www.zhihu.com/people/lelaaa,lelaaa
2,0,576,0,我不管我要做三桥的女人,4530ff515282ec4c50155426ae883413,,阿琪儿,people,https://www.zhihu.com/people/xiao-tang-yi-xin-tashzb,xiao-tang-yi-xin-tashzb
362,9,1244,1,盐值＝闲值；大佬读作jiāng jūn,62599cea0f24c16a50d66b713780be8b,,张疤拉叫牧之,people,https://www.zhihu.com/people/kala-38-66,kala-38-66
3,0,132,0,学生,9c4ce1971fe09ef74235ddf45d6a6d6c,,我全世界最酷辽,people,https://www.zhihu.com/people/mu-bi-bai-nu-ting,mu-bi-bai-nu-ting
173,226,520256,1,健身蝌普作家,d3207a7746afbd84017ea6b05b2f1be3,,斌卡,people,https://www.zhihu.com/people/binka,binka
8,0,244,0,,1981954449508f8770123a3c346998ef,,家里蹲,people,https://www.zhihu.com/people/li-zhi-wei-25-4,li-zhi-wei-25-4
2364,20,121462,1,其命维新,38b262d006a33721bc095eea0719abe2,,曹丰泽,people,https://www.zhihu.com/people/cao-feng-ze-37,cao-feng-ze-37
8,0,551,0,无,97ee3169f6d19735fb43c9ec039750c5,,一只哈哈,people,https://www.zhihu.com/people/ha-ha-61-28-30,ha-ha-61-28-30
1,0,10259,-1,学生,1730bdcda14fcf57e8cbb0dfd787231b,,lizes,people,https://www.zhihu.com/people/lizes-62,lizes-62
